,A1.FF,A2.FF,A3.FF,A4.FF,A5.FF,A6.FF,B1.FF,B2.FF,B3.FF,B4.FF,B5.FF,B6.FF,C1.FF,C2.FF,C3.FF,C4.FF,C5.FF,C6.FF,D1.FF,D2.FF,D3.FF,D4.FF,D5.FF,D6.FF
HLT,261,79,70,46,66,176,578,187,168,195,157,497,520,763,204,493,1072,157,149,64,166,631,954,587
Agaricomycetes,435,173,110,67,125,179,910,249,213,324,312,582,569,809,313,536,1135,219,173,133,195,726,1009,622
Sequences,2336,1755,692,646,910,658,2368,2658,1223,2669,1646,2056,1598,1373,700,1175,1710,1431,716,534,342,2564,2143,1911
,,,,,,,,,,,,,,,,,,,,,,,,
HLT/Agaric,0.6,0.456647399,0.636363636,0.686567164,0.528,0.983240223,0.635164835,0.751004016,0.788732394,0.601851852,0.503205128,0.85395189,0.913884007,0.943139679,0.651757188,0.919776119,0.944493392,0.716894977,0.861271676,0.481203008,0.851282051,0.869146006,0.945490585,0.943729904
HLT/Seqs,0.111729452,0.045014245,0.101156069,0.07120743,0.072527473,0.267477204,0.244087838,0.070353649,0.13736713,0.073061072,0.095382746,0.241731518,0.325406758,0.555717407,0.291428571,0.419574468,0.626900585,0.109713487,0.208100559,0.119850187,0.485380117,0.246099844,0.445170322,0.307169021
,,,,,,,,,,,,,,,,,,,,,,,,
Sqrt RA HLT/Agri,0.774596669,0.675756908,0.797724035,0.828593485,0.726636085,0.991584703,0.796972293,0.866604879,0.888106072,0.775791114,0.709369529,0.924095174,0.955972807,0.971153787,0.807314801,0.959049592,0.971850499,0.846696508,0.928047238,0.693687976,0.922649474,0.932280004,0.972363402,0.971457618
Sqrt RA hlt/seqs,0.334259558,0.212165608,0.31805042,0.266847204,0.269309251,0.517181983,0.494052465,0.265242624,0.370630719,0.270298116,0.308840972,0.491661995,0.570444352,0.745464558,0.539841247,0.647745682,0.791770538,0.331230263,0.456180401,0.346193858,0.696692268,0.496084513,0.667210853,0.554228312